model,isl,osl,concurrency,request_rate,(p)bs,(p)global_bs,(p)workers,(d)bs,(d)global_bs,(d)workers,ttft,tpot,seq/s,seq/s/gpu,tokens/s,tokens/s/gpu,tokens/s/user,(p)seq/s/worker,(d)seq/s/worker,num_total_gpus,(p)tp,(p)pp,(p)dp,(p)moe_tp,(p)moe_ep,(p)parallel,(p)gemm,(p)kvcache,(p)fmha,(p)moe,(p)comm,(p)memory,(p)backend,(p)version,(p)system,(d)tp,(d)pp,(d)dp,(d)moe_tp,(d)moe_ep,(d)parallel,(d)gemm,(d)kvcache,(d)fmha,(d)moe,(d)comm,(d)memory,(d)backend,(d)version,(d)system,tokens/s/gpu_cluster
LLAMA3.1_70B,4000,500,224,12.987,1,1,3,112,112,2,207.917,31.822,12.987,0.812,6493.5,405.844,31.425,4.81,7.053,16,4,1,1,1,1,tp4pp1dp1etp1ep1,fp8_block,fp8,fp8,fp8,half,19.762,trtllm,0.20.0,h100_sxm,2,1,1,1,1,tp2pp1dp1etp1ep1,fp8_block,fp8,fp8,fp8,half,74.203,trtllm,0.20.0,h100_sxm,405.844
LLAMA3.1_70B,4000,500,184,12.424,1,1,3,92,92,2,207.917,29.678,12.424,0.776,6212.0,388.25,33.695,4.81,6.212,16,4,1,1,1,1,tp4pp1dp1etp1ep1,fp8_block,fp8,fp8,fp8,half,19.762,trtllm,0.20.0,h100_sxm,2,1,1,1,1,tp2pp1dp1etp1ep1,fp8_block,fp8,fp8,fp8,half,67.337,trtllm,0.20.0,h100_sxm,388.25
LLAMA3.1_70B,4000,500,176,12.024,1,1,3,88,88,2,207.917,29.333,12.024,0.752,6012.0,375.75,34.092,4.81,6.012,16,4,1,1,1,1,tp4pp1dp1etp1ep1,fp8_block,fp8,fp8,fp8,half,19.762,trtllm,0.20.0,h100_sxm,2,1,1,1,1,tp2pp1dp1etp1ep1,fp8_block,fp8,fp8,fp8,half,65.963,trtllm,0.20.0,h100_sxm,375.75
LLAMA3.1_70B,4000,500,128,11.693,1,1,3,128,128,1,207.917,21.937,11.693,0.731,5846.5,365.406,45.585,4.81,11.693,16,4,1,1,1,1,tp4pp1dp1etp1ep1,fp8_block,fp8,fp8,fp8,half,19.762,trtllm,0.20.0,h100_sxm,4,1,1,1,1,tp4pp1dp1etp1ep1,fp8_block,fp8,fp8,fp8,half,41.346,trtllm,0.20.0,h100_sxm,365.406
LLAMA3.1_70B,4000,500,84,8.658,1,1,2,84,84,1,207.917,19.364,8.658,0.721,4329.0,360.75,51.642,4.81,8.693,12,4,1,1,1,1,tp4pp1dp1etp1ep1,fp8_block,fp8,fp8,fp8,half,19.762,trtllm,0.20.0,h100_sxm,4,1,1,1,1,tp4pp1dp1etp1ep1,fp8_block,fp8,fp8,fp8,half,33.793,trtllm,0.20.0,h100_sxm,270.5625
LLAMA3.1_70B,4000,500,80,8.37,1,1,2,80,80,1,207.917,19.153,8.37,0.697,4185.0,348.75,52.211,4.81,8.37,12,4,1,1,1,1,tp4pp1dp1etp1ep1,fp8_block,fp8,fp8,fp8,half,19.762,trtllm,0.20.0,h100_sxm,4,1,1,1,1,tp4pp1dp1etp1ep1,fp8_block,fp8,fp8,fp8,half,33.106,trtllm,0.20.0,h100_sxm,261.5625
LLAMA3.1_70B,4000,500,76,8.258,1,1,2,76,76,1,207.917,18.442,8.258,0.688,4129.0,344.083,54.223,4.81,8.258,12,4,1,1,1,1,tp4pp1dp1etp1ep1,fp8_block,fp8,fp8,fp8,half,19.762,trtllm,0.20.0,h100_sxm,4,1,1,1,1,tp4pp1dp1etp1ep1,fp8_block,fp8,fp8,fp8,half,32.419,trtllm,0.20.0,h100_sxm,258.06225
LLAMA3.1_70B,4000,500,72,8.137,1,1,2,72,72,1,207.917,17.731,8.137,0.678,4068.5,339.042,56.397,4.81,8.137,12,4,1,1,1,1,tp4pp1dp1etp1ep1,fp8_block,fp8,fp8,fp8,half,19.762,trtllm,0.20.0,h100_sxm,4,1,1,1,1,tp4pp1dp1etp1ep1,fp8_block,fp8,fp8,fp8,half,31.733,trtllm,0.20.0,h100_sxm,254.2815
LLAMA3.1_70B,4000,500,68,8.006,1,1,2,68,68,1,207.917,17.02,8.006,0.667,4003.0,333.583,58.753,4.81,8.006,12,4,1,1,1,1,tp4pp1dp1etp1ep1,fp8_block,fp8,fp8,fp8,half,19.762,trtllm,0.20.0,h100_sxm,4,1,1,1,1,tp4pp1dp1etp1ep1,fp8_block,fp8,fp8,fp8,half,31.046,trtllm,0.20.0,h100_sxm,250.18725
LLAMA3.1_70B,4000,500,64,7.864,1,1,2,64,64,1,207.917,16.309,7.864,0.655,3932.0,327.667,61.314,4.81,7.864,12,4,1,1,1,1,tp4pp1dp1etp1ep1,fp8_block,fp8,fp8,fp8,half,19.762,trtllm,0.20.0,h100_sxm,4,1,1,1,1,tp4pp1dp1etp1ep1,fp8_block,fp8,fp8,fp8,half,30.359,trtllm,0.20.0,h100_sxm,245.75025
LLAMA3.1_70B,4000,500,60,7.499,1,1,2,60,60,1,207.917,16.033,7.499,0.625,3749.5,312.458,62.37,4.81,7.499,12,4,1,1,1,1,tp4pp1dp1etp1ep1,fp8_block,fp8,fp8,fp8,half,19.762,trtllm,0.20.0,h100_sxm,4,1,1,1,1,tp4pp1dp1etp1ep1,fp8_block,fp8,fp8,fp8,half,29.673,trtllm,0.20.0,h100_sxm,234.3435
LLAMA3.1_70B,4000,500,56,7.122,1,1,2,56,56,1,207.917,15.757,7.122,0.594,3561.0,296.75,63.462,4.81,7.122,12,4,1,1,1,1,tp4pp1dp1etp1ep1,fp8_block,fp8,fp8,fp8,half,19.762,trtllm,0.20.0,h100_sxm,4,1,1,1,1,tp4pp1dp1etp1ep1,fp8_block,fp8,fp8,fp8,half,28.986,trtllm,0.20.0,h100_sxm,222.5625
LLAMA3.1_70B,4000,500,52,6.731,1,1,2,52,52,1,207.917,15.481,6.731,0.561,3365.5,280.458,64.594,4.81,6.731,12,4,1,1,1,1,tp4pp1dp1etp1ep1,fp8_block,fp8,fp8,fp8,half,19.762,trtllm,0.20.0,h100_sxm,4,1,1,1,1,tp4pp1dp1etp1ep1,fp8_block,fp8,fp8,fp8,half,28.299,trtllm,0.20.0,h100_sxm,210.3435
LLAMA3.1_70B,4000,500,56,8.658,1,1,2,56,56,1,207.917,12.725,8.658,0.541,4329.0,270.562,78.584,4.81,8.819,16,4,1,1,1,1,tp4pp1dp1etp1ep1,fp8_block,fp8,fp8,fp8,half,19.762,trtllm,0.20.0,h100_sxm,8,1,1,1,1,tp8pp1dp1etp1ep1,fp8_block,fp8,fp8,fp8,half,15.966,trtllm,0.20.0,h100_sxm,270.562
LLAMA3.1_70B,4000,500,52,8.33,1,1,2,52,52,1,207.917,12.511,8.33,0.521,4165.0,260.312,79.932,4.81,8.33,16,4,1,1,1,1,tp4pp1dp1etp1ep1,fp8_block,fp8,fp8,fp8,half,19.762,trtllm,0.20.0,h100_sxm,8,1,1,1,1,tp8pp1dp1etp1ep1,fp8_block,fp8,fp8,fp8,half,15.623,trtllm,0.20.0,h100_sxm,260.312
LLAMA3.1_70B,4000,500,48,7.823,1,1,2,48,48,1,207.917,12.296,7.823,0.489,3911.5,244.469,81.327,4.81,7.823,16,4,1,1,1,1,tp4pp1dp1etp1ep1,fp8_block,fp8,fp8,fp8,half,19.762,trtllm,0.20.0,h100_sxm,8,1,1,1,1,tp8pp1dp1etp1ep1,fp8_block,fp8,fp8,fp8,half,15.28,trtllm,0.20.0,h100_sxm,244.469
LLAMA3.1_70B,4000,500,44,7.214,1,1,2,44,44,1,207.917,12.223,7.214,0.451,3607.0,225.438,81.814,4.81,7.214,16,4,1,1,1,1,tp4pp1dp1etp1ep1,fp8_block,fp8,fp8,fp8,half,19.762,trtllm,0.20.0,h100_sxm,8,1,1,1,1,tp8pp1dp1etp1ep1,fp8_block,fp8,fp8,fp8,half,14.936,trtllm,0.20.0,h100_sxm,225.438
LLAMA3.1_70B,4000,500,26,4.329,1,1,1,26,26,1,207.917,11.479,4.329,0.361,2164.5,180.375,87.117,4.81,4.539,12,4,1,1,1,1,tp4pp1dp1etp1ep1,fp8_block,fp8,fp8,fp8,half,19.762,trtllm,0.20.0,h100_sxm,8,1,1,1,1,tp8pp1dp1etp1ep1,fp8_block,fp8,fp8,fp8,half,13.391,trtllm,0.20.0,h100_sxm,135.28125
LLAMA3.1_70B,4000,500,24,4.255,1,1,1,24,24,1,207.917,11.304,4.255,0.355,2127.5,177.292,88.463,4.81,4.255,12,4,1,1,1,1,tp4pp1dp1etp1ep1,fp8_block,fp8,fp8,fp8,half,19.762,trtllm,0.20.0,h100_sxm,8,1,1,1,1,tp8pp1dp1etp1ep1,fp8_block,fp8,fp8,fp8,half,13.22,trtllm,0.20.0,h100_sxm,132.969
LLAMA3.1_70B,4000,500,22,3.961,1,1,1,22,22,1,207.917,11.129,3.961,0.33,1980.5,165.042,89.852,4.81,3.961,12,4,1,1,1,1,tp4pp1dp1etp1ep1,fp8_block,fp8,fp8,fp8,half,19.762,trtllm,0.20.0,h100_sxm,8,1,1,1,1,tp8pp1dp1etp1ep1,fp8_block,fp8,fp8,fp8,half,13.048,trtllm,0.20.0,h100_sxm,123.7815
LLAMA3.1_70B,4000,500,20,3.659,1,1,1,20,20,1,207.917,10.955,3.659,0.305,1829.5,152.458,91.285,4.81,3.659,12,4,1,1,1,1,tp4pp1dp1etp1ep1,fp8_block,fp8,fp8,fp8,half,19.762,trtllm,0.20.0,h100_sxm,8,1,1,1,1,tp8pp1dp1etp1ep1,fp8_block,fp8,fp8,fp8,half,12.876,trtllm,0.20.0,h100_sxm,114.3435
LLAMA3.1_70B,4000,500,18,3.346,1,1,1,18,18,1,207.917,10.78,3.346,0.279,1673.0,139.417,92.765,4.81,3.346,12,4,1,1,1,1,tp4pp1dp1etp1ep1,fp8_block,fp8,fp8,fp8,half,19.762,trtllm,0.20.0,h100_sxm,8,1,1,1,1,tp8pp1dp1etp1ep1,fp8_block,fp8,fp8,fp8,half,12.705,trtllm,0.20.0,h100_sxm,104.56275
LLAMA3.1_70B,4000,500,16,3.023,1,1,1,16,16,1,207.917,10.605,3.023,0.252,1511.5,125.958,94.293,4.81,3.023,12,4,1,1,1,1,tp4pp1dp1etp1ep1,fp8_block,fp8,fp8,fp8,half,19.762,trtllm,0.20.0,h100_sxm,8,1,1,1,1,tp8pp1dp1etp1ep1,fp8_block,fp8,fp8,fp8,half,12.533,trtllm,0.20.0,h100_sxm,94.4685
LLAMA3.1_70B,4000,500,15,2.852,1,1,1,15,15,1,207.917,10.539,2.852,0.238,1426.0,118.833,94.889,4.81,2.852,12,4,1,1,1,1,tp4pp1dp1etp1ep1,fp8_block,fp8,fp8,fp8,half,19.762,trtllm,0.20.0,h100_sxm,8,1,1,1,1,tp8pp1dp1etp1ep1,fp8_block,fp8,fp8,fp8,half,12.447,trtllm,0.20.0,h100_sxm,89.12475
